Deadpool,1,paros
Deadpool,2,paros
Deadpool,3,paros
Deadpool,4,paros
Deadpool,5,paros
Deadpool,6,paros
Deadpool,7,paros
Deadpool,8,paros
Deadpool,9,paros
Deadpool,10,tersedia
Deadpool,11,tersedia
Deadpool,12,tersedia
Deadpool,13,tersedia
Deadpool,14,tersedia
Deadpool,15,tersedia
Finding Atha,1,paros
Finding Atha,2,paros
Finding Atha,3,paros
Finding Atha,4,paros
Finding Atha,5,paros
Finding Atha,6,paros
Finding Atha,7,paros
Finding Atha,8,paros
Finding Atha,9,tersedia
Finding Atha,10,paros
Loren in Paris,1,paros
Loren in Paris,2,tersedia
Loren in Paris,3,tersedia
Loren in Paris,4,paros
Loren in Paris,5,tersedia
Loren in Paris,6,paros
Loren in Paris,7,tersedia
Loren in Paris,8,tersedia
Loren in Paris,9,tersedia
Loren in Paris,10,tersedia
How to train Grandmother,1,tersedia
How to train Grandmother,2,tersedia
How to train Grandmother,3,tersedia
How to train Grandmother,4,tersedia
How to train Grandmother,5,tersedia
How to train Grandmother,6,tersedia
How to train Grandmother,7,tersedia
How to train Grandmother,8,tersedia
How to train Grandmother,9,tersedia
How to train Grandmother,10,tersedia
Tom and Budi,1,tersedia
Tom and Budi,2,tersedia
Tom and Budi,3,tersedia
Tom and Budi,4,tersedia
Tom and Budi,5,tersedia
Tom and Budi,6,tersedia
Tom and Budi,7,tersedia
Tom and Budi,8,tersedia
Tom and Budi,9,paros
Tom and Budi,10,tersedia
Nemo,A1,paros
Nemo,A2,paros
Nemo,A3,paros
Nemo,A4,paros
Nemo,A5,paros
Nemo,A6,paros
Nemo,A7,paros
Nemo,A8,paros
Nemo,A9,paros
Nemo,A10,paros
Nemo,A11,paros
Nemo,A12,paros
Nemo,A13,paros
Nemo,A14,paros
Nemo,A15,paros
Nemo,A16,paros
Nemo,A17,paros
Nemo,A18,paros
Nemo,A19,paros
Nemo,A20,paros
Dory,A1,paros
Dory,A2,paros
Dory,A3,paros
Dory,A4,tersedia
Dory,A5,paros
Dory,A6,tersedia
Dory,A7,paros
Dory,A8,paros
Dory,A9,paros
Dory,A10,tersedia
Dory,A11,tersedia
Dory,A12,tersedia
Dory,A13,tersedia
Dory,A14,tersedia
Dory,A15,tersedia
Dory,A16,tersedia
Dory,A17,tersedia
Dory,A18,tersedia
Dory,A19,tersedia
Dory,A20,tersedia
Shafa 1990,1,tersedia
Shafa 1990,2,tersedia
Shafa 1990,3,tersedia
Shafa 1990,4,tersedia
Shafa 1990,5,tersedia
Shafa 1990,6,tersedia
Shafa 1990,7,tersedia
Shafa 1990,8,tersedia
Shafa 1990,9,tersedia
Shafa 1990,10,tersedia
Zootopia,1,tersedia
Zootopia,2,tersedia
Zootopia,3,tersedia
Zootopia,4,tersedia
Zootopia,5,tersedia
Zootopia,6,tersedia
Zootopia,7,tersedia
Zootopia,8,tersedia
Zootopia,9,tersedia
Zootopia,10,tersedia
Toy Story,1,tersedia
Toy Story,2,tersedia
Toy Story,3,tersedia
Toy Story,4,tersedia
Toy Story,5,tersedia
Toy Story,6,tersedia
Toy Story,7,tersedia
Toy Story,8,tersedia
Toy Story,9,tersedia
Toy Story,10,tersedia
Radatuli,1,tersedia
Radatuli,2,tersedia
Radatuli,3,tersedia
Radatuli,4,tersedia
Radatuli,5,tersedia
Radatuli,6,tersedia
Radatuli,7,tersedia
Radatuli,8,tersedia
Radatuli,9,tersedia
Radatuli,10,tersedia
Moana,1,Fauzia
Moana,2,ican
Moana,3,Fauzia
Moana,4,ican
Moana,5,Fauzia
Moana,6,tersedia
Moana,7,tersedia
Moana,8,tersedia
Moana,9,tersedia
Moana,10,tersedia
